<?xml version="1.0"?>
<odoo>
	<data>

		<record id="invoice_account_move_form_view" model="ir.ui.view">
			<field name="name">account.move.form</field>
			<field name="model">account.move</field>
			<field name="inherit_id" ref="account.view_move_form"/>
			<field name="arch" type="xml">
				<xpath expr="//field[@name='product_id']" position="after">
					<field name="sol_id" invisible="1"/>
				</xpath>
				<xpath expr="//form/sheet/notebook/page" position="after">
					<page string="Sales Commission">
						<field name="commission_ids" readonly="1">
							<tree editable="bottom">
							<field name="date"/>
								<field name="name"/>
								<field name="user_id"/>
								<field name="state" decoration-success="state == 'invoiced'" decoration-info="state == 'to_invoice'" widget="badge"/>
								<field name="commission_amount" sum="Total Commission"/>
							</tree>
						</field>
					</page>
				</xpath>
			</field>
		</record>


		<record id="invoice_sale_commission_tree_view" model="ir.ui.view">
			<field name="name">invoice.sale.commission.tree</field>
			<field name="model">invoice.sale.commission</field>
			<field name="arch" type="xml">
				<tree string="Sales Commission" create="0" edit="0">
					<field name="name"/>
					<field name="user_id"/>
					<field name="invoice_id"/>
					<field name="order_id"/>
					<field name="order_line_id" invisible="1"/>
					<field name="commission_id"/>
					<field name="type_name"/>
					<field name="comm_type" />
					<field name="product_id"/>
					<field name="partner_type"/>
					<field name="partner_id"/>
					<field name="categ_id"/>
					<field name="sub_categ_id"/>
					<field name="state" decoration-success="state == 'invoiced'" decoration-info="state == 'to_invoice'" widget="badge"/>
					<field name="invoiced" invisible="1"/>
					<field name="commission_amount" sum="Total"/>
				</tree>
			</field>
		</record>

		<record id="invoice_sale_commission_form1_view" model="ir.ui.view">
			<field name="name">invoice.sale.commission.form</field>
			<field name="model">invoice.sale.commission</field>
			<field name="arch" type="xml">
				<form string="Sales Commission" create="0" edit="0">
					<header>
	                    <field name="state" widget="statusbar" statusbar_visible="to_invoice,invoiced,cancel"/>
	                </header>
					<sheet>
						<group col="4">
							<field name="name"/>
							<field name="user_id"/>
							<field name="invoice_id"/>
							<field name="order_id"/>
							<field name="order_line_id" invisible="1"/>
							<field name="commission_id"/>
							<field name="type_name"/>
							<field name="comm_type" />
							<field name="product_id"/>
							<field name="partner_type"/>
							<field name="partner_id"/>
							<field name="categ_id"/>
							<field name="sub_categ_id"/>
							<field name="invoiced" />
							<field name="commission_amount" sum="Total"/>
						</group>
					</sheet>
					
				</form>
			</field>
		</record>

		<record id="invoice_sale_commission_search" model="ir.ui.view">
			<field name="name">invoice.sale.commission.search</field>
			<field name="model">invoice.sale.commission</field>
			<field name="arch" type="xml">
				<search string="Analytic Account">
					<field name="name" filter_domain="[('name','ilike',self)]" string="Sale Commission"/>
					<field name="user_id"/>
					<field name="invoice_id"/>
					<field name="product_id"/>
					<field name="partner_id"/>
					<field name="partner_type"/>
					<field name="categ_id"/>
					<field name="sub_categ_id"/>
				</search>
			</field>
		</record>

		<record id="invoice_sale_commission_action" model="ir.actions.act_window">
			<field name="name">Sales Commission Analysis</field>
			<field name="type">ir.actions.act_window</field>
			<field name="res_model">invoice.sale.commission</field>
			<field name="view_mode">tree</field>
			<field name="search_view_id" ref="invoice_sale_commission_search"/>
			<field name="context">{'search_default_group_by_ctype': 1,'search_default_group_by_user': 1}</field>
		</record>


		<record id="wizard_invoice_sale_commission_form_view" model="ir.ui.view">
			<field name="name">wizard.invoice.sale.commission.form.view</field>
			<field name="model">wizard.invoice.sale.commission</field>
			<field name="arch" type="xml">
			<form string="Sales Commission Report Wizard" >
						<group>
							<group>
								<field name="start_date"/>
							</group>
							<group>
								<field name="end_date"/>
							</group>
						</group>
						<group>
							<group>
								<field name="salesperson"/>
							</group>
						</group>
						<footer>
							<button name="print_commission_report" string="Print Commission Report" type="object" class="oe_highlight"/>
								Or
							<button string="Cancel" special="cancel" class="oe_link"/>
						</footer>
						</form>
			
			</field>
		</record>

		<record id="action_commission_report_wizard" model="ir.actions.act_window">
			<field name="name">Sales Commission Report</field>
			<field name="type">ir.actions.act_window</field>
			<field name="res_model">wizard.invoice.sale.commission</field>
			<field name="view_mode">form</field>
			<field name="target">new</field>
			<field name="context">{'search_default_group_by_ctype': 1,'search_default_group_by_user': 1}</field>
		</record>

		<!-- <menuitem 
			action="invoice_sale_commission_action" 
			id="menu_invoice_sale_commission_action" 
			parent="sale.menu_sale_report"/>
			
		<menuitem 
			action="action_commission_report_wizard" 
			id="menu_action_commission_report_wizard" 
			parent="sale.menu_sale_report"/> -->
		

		<menuitem 
			id="menu_sale_invoice_commission_lines_action_form_test" 
			name="Commissions report"
			groups = "sales_commission_generic.group_sales_commission_manager"
			parent="sale.sale_menu_root" 
			sequence="20"
		/>

		<menuitem 
			id="menu_sale_invoice_commission_lines_action_form_bib" 
			name="Sales Commission Report"
			action="action_commission_report_wizard" 
			parent="sales_commission_generic.menu_sale_invoice_commission_lines_action_form_test" 
		/>

		<menuitem 
			id="menu_sale_invoice_commission_lines_action_" 
			name="Sales Commission Analysis"
			action="invoice_sale_commission_action" 
			parent="sales_commission_generic.menu_sale_invoice_commission_lines_action_form_test" 
		/>

	</data>
</odoo>
